{
    "0": 5000.000003554779,
    "1": 3275.0585675239563,
    "2": 6715.54297208786,
    "3": 3285.338282585144,
    "4": 5901.773422956467,
    "5": 6691.793501377106,
    "6": 6723.468005657196,
    "7": 4532.659649848938,
    "8": 6593.357026576996,
    "9": 6720.958352088928,
    "10": 3281.416594982147,
    "11": 3549.2774844169617,
    "12": 4545.180425047874,
    "13": 4456.027969717979,
    "14": 6359.1209053993225,
    "15": 6688.297092914581,
    "16": 6724.736392498016,
    "17": 6288.957893848419,
    "18": 3663.7626588344574,
    "19": 6605.830788612366,
    "20": 6225.7541716098785,
    "21": 4321.283474564552,
    "22": 3744.4376945495605,
    "23": 5530.2658677101135,
    "24": 6470.824629068375,
    "25": 4049.280881881714,
    "26": 3513.002395629883,
    "27": 6023.382842540741,
    "28": 3744.153082370758,
    "29": 6583.9508175849915,
    "30": 3856.944888830185,
    "31": 4587.116576731205,
    "32": 4443.211033940315,
    "33": 4018.1760489940643,
    "34": 6594.933569431305,
    "35": 4268.444627523422,
    "36": 3387.121558189392,
    "37": 3591.8061435222626,
    "38": 3507.6193511486053,
    "39": 5798.665434122086,
    "40": 5899.555087089539,
    "41": 4362.13418841362,
    "42": 6532.738208770752,
    "43": 4068.813771009445,
    "44": 5464.679934084415,
    "45": 6004.729121923447,
    "46": 5365.37129431963,
    "47": 4433.647617697716,
    "48": 3325.456380844116,
    "49": 3788.48560154438,
    "50": 4685.3057295084,
    "51": 5002.960111596622,
    "52": 4396.827965974808,
    "53": 3276.446759700775,
    "54": 6283.235996961594,
    "55": 6536.954045295715,
    "56": 4452.824741601944,
    "57": 3516.4526104927063,
    "58": 6488.228142261505,
    "59": 6556.432247161865,
    "60": 5355.780348181725,
    "61": 3490.2161359786987,
    "62": 6087.249517440796,
    "63": 6572.618782520294,
    "64": 4743.404779583216,
    "65": 5435.789003968239,
    "66": 3606.3456535339355,
    "67": 3868.93630027771,
    "68": 5300.746783614159,
    "69": 6023.29857647419,
    "70": 3758.159354329109,
    "71": 5522.498935461044,
    "72": 6707.025021314621,
    "73": 6210.584715008736,
    "74": 6053.3639043569565,
    "75": 3605.6065559387207,
    "76": 6141.201555728912,
    "77": 3296.678066253662,
    "78": 3446.451425552368,
    "79": 6365.271806716919,
    "80": 6162.066385149956,
    "81": 3415.459394454956,
    "82": 5433.487854897976,
    "83": 5167.999118566513,
    "84": 5726.007744669914,
    "85": 5905.460640788078,
    "86": 5872.956067323685,
    "87": 6720.115691423416,
    "88": 3334.6450328826904,
    "89": 3434.6389770507812,
    "90": 4577.967450022697,
    "91": 6521.017849445343,
    "92": 3285.5531573295593,
    "93": 5411.783084273338,
    "94": 5780.662149190903,
    "95": 3318.394422531128,
    "96": 3825.6745040416718,
    "97": 3616.841584444046,
    "98": 4727.399609982967,
    "99": 6675.401926040649,
    "100": 4051.186367869377,
    "101": 5764.992609620094,
    "102": 5695.675686001778,
    "103": 5002.18972665607,
    "104": 5776.619091629982,
    "105": 6713.0255699157715,
    "106": 4694.690704345703,
    "107": 6236.837133765221,
    "108": 3338.625878095627,
    "109": 6698.250025510788,
    "110": 6726.877987384796,
    "111": 5543.815679848194,
    "112": 6207.5502425432205,
    "113": 4841.948226094246,
    "114": 6700.7821798324585,
    "115": 4738.538656383753,
    "116": 6043.6394810676575,
    "117": 3292.9329574108124,
    "118": 3277.357965707779,
    "119": 5874.917730689049,
    "120": 6338.335871696472,
    "121": 3418.029546737671,
    "122": 5926.843360066414,
    "123": 3514.9627923965454,
    "124": 4411.596432328224,
    "125": 3564.970940351486,
    "126": 3455.198109149933,
    "127": 4919.251194223762,
    "128": 3568.99693608284,
    "129": 3283.2935452461243,
    "130": 6698.751598596573,
    "131": 5105.623221024871,
    "132": 5000.004310574866,
    "133": 4999.922136366877,
    "134": 5000.046754971663,
    "135": 4999.970288658915,
    "136": 4999.9360555511885,
    "137": 4999.958035964482,
    "138": 4999.953540705064,
    "139": 5000.048053384489,
    "140": 5000.097751599242,
    "141": 5000.073644810072,
    "142": 4999.975119899318,
    "143": 5000.044825392251
}