{
    "0": 5000.0,
    "1": 5000.0,
    "2": 5000.0,
    "3": 5000.0,
    "4": 4988.047244260088,
    "5": 5183.877795934677,
    "6": 5174.0774512290955,
    "7": 4742.075018584728,
    "8": 4479.348547756672,
    "9": 4994.243197143078,
    "10": 5003.96060757339,
    "11": 6281.902492046356,
    "12": 4359.037056565285,
    "13": 4352.882876992226,
    "14": 5566.176921129227,
    "15": 4304.023832082748,
    "16": 5043.398616835475,
    "17": 4571.801088750362,
    "18": 3937.634229660034,
    "19": 5469.602979719639,
    "20": 4402.819611132145,
    "21": 5239.13474753499,
    "22": 5184.999015182257,
    "23": 4851.559791713953,
    "24": 3687.1525645256042,
    "25": 4413.530044257641,
    "26": 4585.453160107136,
    "27": 4079.55102622509,
    "28": 3672.713190317154,
    "29": 3989.390581846237,
    "30": 5036.293417215347,
    "31": 4894.108884036541,
    "32": 4187.239781022072,
    "33": 4962.426817510277,
    "34": 3604.808747768402,
    "35": 5740.615054965019,
    "36": 5645.437687635422,
    "37": 5083.0102525651455,
    "38": 4665.08973389864,
    "39": 3944.32932138443,
    "40": 4116.523712873459,
    "41": 3566.940277814865,
    "42": 4710.634723305702,
    "43": 4702.512677758932,
    "44": 5309.828482568264,
    "45": 1769.0688371658325,
    "46": 2631.947100162506,
    "47": 3460.66877245903,
    "48": 4793.986063450575,
    "49": 3306.3440024852753,
    "50": 3982.5181663036346,
    "51": 5765.886232256889,
    "52": 6414.16534781456,
    "53": 2363.9774322509766,
    "54": 5836.664065718651,
    "55": 2773.4827995300293,
    "56": 4586.358368396759,
    "57": 2091.381549835205,
    "58": 3177.575170993805,
    "59": 3483.748137950897,
    "60": 3635.3856325149536,
    "61": 1964.0332460403442,
    "62": 5972.151905298233,
    "63": 6943.522691726685,
    "64": 4344.174265861511,
    "65": 6109.432727098465,
    "66": 3050.7272481918335,
    "67": 5239.614639431238,
    "68": 2050.487995147705,
    "69": 1637.3920440673828,
    "70": 6244.889944791794,
    "71": 2970.54260969162,
    "72": 7173.542827367783,
    "73": 1744.5692420005798,
    "74": 5227.248594164848,
    "75": 4800.197258591652,
    "76": 7549.30853843689,
    "77": 1329.822838306427,
    "78": 7396.32785320282,
    "79": 7162.771373987198,
    "80": 4897.584803402424,
    "81": 3504.9742460250854,
    "82": 4925.125427544117,
    "83": 1789.14874792099,
    "84": 3367.547392845154,
    "85": 2290.395200252533,
    "86": 7782.200574874878,
    "87": 4183.11282992363,
    "88": 4913.887232542038,
    "89": 6506.032645702362,
    "90": 4162.305444478989,
    "91": 4876.426123082638,
    "92": 7199.3014216423035,
    "93": 1472.1643924713135,
    "94": 518.709123134613,
    "95": 5859.197527170181,
    "96": 7184.60351228714,
    "97": 2741.8678998947144,
    "98": 5000.370480120182,
    "99": 6219.127476215363,
    "100": 2139.4535899162292,
    "101": 3245.3954219818115,
    "102": 4866.873472929001,
    "103": 8132.83234834671,
    "104": 2259.973883628845,
    "105": 5929.302498698235,
    "106": 2294.6375608444214,
    "107": 4592.87628531456,
    "108": 5751.408636569977,
    "109": 2240.5028343200684,
    "110": 1967.2679901123047,
    "111": 8708.246052265167,
    "112": 4852.298721671104,
    "113": 3263.832926750183,
    "114": 3985.575810074806,
    "115": 4475.379027426243,
    "116": 5501.117557287216,
    "117": 5535.294823348522,
    "118": 3187.011331319809,
    "119": 4479.703456163406,
    "120": 5676.947683095932,
    "121": 5638.348609209061,
    "122": 3033.2906544208527,
    "123": 5297.764353454113,
    "124": 4123.7723082304,
    "125": 7511.591613292694,
    "126": 5626.242756843567,
    "127": 4144.526124000549,
    "128": 4372.7002292871475,
    "129": 6029.392555356026,
    "130": 4538.976848125458,
    "131": 5512.729734182358,
    "132": 2450.6929516792297,
    "133": 3893.948644399643,
    "134": 3990.255147218704,
    "135": 2691.522240638733,
    "136": 3877.9883831739426,
    "137": 3920.0592041015625,
    "138": 8015.760779380798,
    "139": 3612.0599508285522,
    "140": 5190.9347623586655,
    "141": 5000.0,
    "142": 5000.0,
    "143": 5000.0
}