{
    "0": 5000.000928875607,
    "1": 5453.207790851593,
    "2": 4699.422102421522,
    "3": 5253.851115703583,
    "4": 5162.70725056529,
    "5": 4810.333400964737,
    "6": 5318.098664283752,
    "7": 4894.397258758545,
    "8": 5351.776033639908,
    "9": 5544.171333312988,
    "10": 4909.864608198404,
    "11": 5247.033406049013,
    "12": 5345.842353999615,
    "13": 5001.682266592979,
    "14": 5063.8972874730825,
    "15": 5195.396151393652,
    "16": 4939.950928092003,
    "17": 4806.656017899513,
    "18": 5028.010793030262,
    "19": 6170.234233140945,
    "20": 5154.714938253164,
    "21": 4979.190360754728,
    "22": 4274.747744202614,
    "23": 4397.622048854828,
    "24": 4446.058161556721,
    "25": 5011.684596538544,
    "26": 2361.1071705818176,
    "27": 4386.252090334892,
    "28": 4249.560832977295,
    "29": 6888.50149512291,
    "30": 5341.352224349976,
    "31": 4085.850343108177,
    "32": 5383.0428794026375,
    "33": 5061.621107161045,
    "34": 2272.7665305137634,
    "35": 4731.559455394745,
    "36": 3466.1154448986053,
    "37": 2730.5036783218384,
    "38": 5377.814099192619,
    "39": 4340.729936957359,
    "40": 5053.474074229598,
    "41": 4141.8784856796265,
    "42": 2270.2795267105103,
    "43": 4281.26223385334,
    "44": 4839.757718145847,
    "45": 6678.2985627651215,
    "46": 5028.3655151724815,
    "47": 4317.991137504578,
    "48": 5321.676209568977,
    "49": 5205.262452363968,
    "50": 2458.2862854003906,
    "51": 3963.4860306978226,
    "52": 5000.270456075668,
    "53": 2896.8988358974457,
    "54": 5103.1531020998955,
    "55": 6066.252514719963,
    "56": 4955.9286423027515,
    "57": 5149.83220025897,
    "58": 5610.575154423714,
    "59": 3415.5507385730743,
    "60": 4892.383795231581,
    "61": 5781.008079648018,
    "62": 5802.923738956451,
    "63": 5516.781061887741,
    "64": 5675.224810838699,
    "65": 4964.991100132465,
    "66": 1994.9722290039062,
    "67": 4718.5952588915825,
    "68": 4434.2150166630745,
    "69": 8965.035676956177,
    "70": 5583.217144012451,
    "71": 4860.895276069641,
    "72": 5732.557699084282,
    "73": 5996.62110209465,
    "74": 2117.0735359191895,
    "75": 4459.875673055649,
    "76": 5397.000014781952,
    "77": 6569.451689720154,
    "78": 4897.746667265892,
    "79": 5228.743944317102,
    "80": 5281.703546643257,
    "81": 5215.865410864353,
    "82": 2599.671483039856,
    "83": 4971.432611346245,
    "84": 4236.103072762489,
    "85": 2854.1594743728638,
    "86": 5515.22258669138,
    "87": 4990.841122344136,
    "88": 5255.04644960165,
    "89": 5217.7594602108,
    "90": 1942.524015903473,
    "91": 4262.104481458664,
    "92": 4158.349707722664,
    "93": 6885.58503985405,
    "94": 5305.416136980057,
    "95": 4360.262826085091,
    "96": 5228.872336447239,
    "97": 5611.051470041275,
    "98": 4404.672160744667,
    "99": 4645.753800868988,
    "100": 6226.050704717636,
    "101": 5945.74473798275,
    "102": 5624.758489429951,
    "103": 6279.9325585365295,
    "104": 5157.345160841942,
    "105": 5360.118523240089,
    "106": 5895.078852772713,
    "107": 3278.684616088867,
    "108": 6640.530377626419,
    "109": 5707.869529724121,
    "110": 5883.677005767822,
    "111": 5317.663252353668,
    "112": 3833.2782685756683,
    "113": 4676.448218524456,
    "114": 4814.862087368965,
    "115": 4344.647750258446,
    "116": 5397.917218506336,
    "117": 4726.998209953308,
    "118": 5004.5593827962875,
    "119": 5441.712290048599,
    "120": 5162.424258887768,
    "121": 4741.324447095394,
    "122": 2070.7279443740845,
    "123": 4245.389848947525,
    "124": 4993.24694275856,
    "125": 6499.479413032532,
    "126": 5081.279054284096,
    "127": 5533.516928553581,
    "128": 5628.371834754944,
    "129": 4673.307612538338,
    "130": 1844.7661399841309,
    "131": 4794.422537088394,
    "132": 4019.0746635198593,
    "133": 2863.45511674881,
    "134": 6284.816414117813,
    "135": 5220.861062407494,
    "136": 5121.818855404854,
    "137": 4834.311008453369,
    "138": 2226.4957427978516,
    "139": 4264.138489961624,
    "140": 5455.531552433968,
    "141": 6546.099931001663,
    "142": 4933.298192918301,
    "143": 6160.217821598053,
    "144": 4984.312951564789,
    "145": 5095.683466643095,
    "146": 1511.5883946418762,
    "147": 4409.954473376274,
    "148": 4723.081849515438,
    "149": 7364.321947097778,
    "150": 6301.061660051346,
    "151": 5075.24972781539,
    "152": 5209.6060663461685,
    "153": 4704.6698071062565,
    "154": 2231.9063544273376,
    "155": 4383.8948011398315,
    "156": 5034.102573990822,
    "157": 6541.493088006973,
    "158": 5343.936905264854,
    "159": 5422.918349504471,
    "160": 5599.684789776802,
    "161": 4505.6793466210365,
    "162": 1752.0982027053833,
    "163": 4485.877156257629,
    "164": 4226.129949092865,
    "165": 3394.710123538971,
    "166": 5617.658719420433,
    "167": 5055.559370666742,
    "168": 5029.91383895278,
    "169": 5030.886637978256,
    "170": 1586.1225128173828,
    "171": 4140.705168247223,
    "172": 5900.2479910850525,
    "173": 5545.755811035633,
    "174": 5693.785101175308,
    "175": 5911.162868142128,
    "176": 5316.898822784424,
    "177": 4662.476442754269,
    "178": 4376.4520809054375,
    "179": 3885.8123123645782,
    "180": 5411.175563931465,
    "181": 5409.347042441368,
    "182": 4999.51765028527,
    "183": 4999.775129308546
}