{
    "0": 5000.000928878024,
    "1": 4903.727266937494,
    "2": 5128.123182803392,
    "3": 4670.2369302511215,
    "4": 5029.198843985796,
    "5": 5009.270925074816,
    "6": 4546.62948846817,
    "7": 4674.558937549591,
    "8": 5172.832570970058,
    "9": 4920.881669968367,
    "10": 5522.793307900429,
    "11": 5102.29455307126,
    "12": 5000.929990783334,
    "13": 4961.642862763256,
    "14": 4734.282195568085,
    "15": 5256.590656936169,
    "16": 4735.209289938211,
    "17": 6607.1538627147675,
    "18": 4567.873850464821,
    "19": 4927.233457565308,
    "20": 4830.094575881958,
    "21": 5682.829469442368,
    "22": 4971.569096669555,
    "23": 3268.3221995830536,
    "24": 6202.756017446518,
    "25": 5683.939009904861,
    "26": 5462.9237204790115,
    "27": 2123.13711643219,
    "28": 5411.701686680317,
    "29": 4746.7681765556335,
    "30": 4936.2514819949865,
    "31": 2063.034176826477,
    "32": 4742.899164557457,
    "33": 7221.623510122299,
    "34": 5002.231779508293,
    "35": 4535.674974322319,
    "36": 4345.833361148834,
    "37": 4538.417011499405,
    "38": 5818.462520837784,
    "39": 6201.9282579422,
    "40": 4710.180945694447,
    "41": 7014.577835798264,
    "42": 5575.421303510666,
    "43": 5070.708096027374,
    "44": 5437.675975263119,
    "45": 5107.896663248539,
    "46": 5865.6032383441925,
    "47": 4882.536251097918,
    "48": 3545.062243938446,
    "49": 7233.043909072876,
    "50": 4671.415239572525,
    "51": 4016.9167518615723,
    "52": 5000.024153850973,
    "53": 4911.821223795414,
    "54": 935.4400634765625,
    "55": 1639.0809416770935,
    "56": 4900.467339903116,
    "57": 4741.156585514545,
    "58": 3440.63937664032,
    "59": 950.0676393508911,
    "60": 4966.005613096058,
    "61": 4946.123184636235,
    "62": 5272.832363843918,
    "63": 4544.2333817481995,
    "64": 4700.027499347925,
    "65": 4491.67400598526,
    "66": 4167.302846908569,
    "67": 4845.546148717403,
    "68": 4365.9791350364685,
    "69": 4327.901005744934,
    "70": 5015.340968966484,
    "71": 4772.7130725979805,
    "72": 5081.653594970703,
    "73": 5148.370191454887,
    "74": 2055.4429292678833,
    "75": 4022.846221923828,
    "76": 5130.08720241487,
    "77": 5121.907703578472,
    "78": 4854.064546525478,
    "79": 5003.373380750418,
    "80": 5675.516128540039,
    "81": 4997.01764434576,
    "82": 3532.5458645820618,
    "83": 5623.345226049423,
    "84": 5507.301278412342,
    "85": 2915.039360523224,
    "86": 4864.343795925379,
    "87": 5495.167188346386,
    "88": 4764.1379199922085,
    "89": 2302.303910255432,
    "90": 5594.2438915371895,
    "91": 5781.82727098465,
    "92": 3752.4209916591644,
    "93": 2353.40416431427,
    "94": 5808.476135134697,
    "95": 4169.51522231102,
    "96": 3859.9609583616257,
    "97": 1482.3827147483826,
    "98": 4955.826681107283,
    "99": 6530.0410985946655,
    "100": 6543.70591044426,
    "101": 5058.53995680809,
    "102": 5388.151481747627,
    "103": 5094.648618251085,
    "104": 6398.527175188065,
    "105": 4979.954222217202,
    "106": 4860.887862741947,
    "107": 9181.538820266724,
    "108": 5673.034638166428,
    "109": 4650.104083120823,
    "110": 4727.571625262499,
    "111": 4434.133172035217,
    "112": 2699.684351682663,
    "113": 3574.553430080414,
    "114": 4826.553948223591,
    "115": 9252.54225730896,
    "116": 3680.94801902771,
    "117": 1673.3822226524353,
    "118": 5222.978629171848,
    "119": 4901.888370513916,
    "120": 4679.551050066948,
    "121": 2766.2762999534607,
    "122": 5074.511207640171,
    "123": 4291.249141097069,
    "124": 5016.686625313014,
    "125": 5078.314654529095,
    "126": 4530.576504766941,
    "127": 4647.711962461472,
    "128": 5315.39723277092,
    "129": 4597.732722759247,
    "130": 5381.134152412415,
    "131": 5090.192183852196,
    "132": 5811.801925301552,
    "133": 4995.762227918021,
    "134": 4989.3320724368095,
    "135": 4996.955260867253,
    "136": 5000.920609891182,
    "137": 4998.724585602758,
    "138": 4999.551943255938,
    "139": 4999.977068237058
}