{
    "0": 4999.999999999047,
    "1": 4502.566941082478,
    "2": 5059.875142760575,
    "3": 4984.13423425518,
    "4": 3834.3748450279236,
    "5": 4880.025815218687,
    "6": 5079.480540007353,
    "7": 4217.058420181274,
    "8": 4845.521850511432,
    "9": 4548.330381512642,
    "10": 4197.231829166412,
    "11": 5255.821142345667,
    "12": 4754.216428846121,
    "13": 5789.129734039307,
    "14": 4601.021632552147,
    "15": 4561.997465789318,
    "16": 4822.4493488669395,
    "17": 5015.626412350684,
    "18": 4594.370350241661,
    "19": 5446.197688579559,
    "20": 5532.474666833878,
    "21": 4688.111487776041,
    "22": 4875.851012766361,
    "23": 5379.032380878925,
    "24": 5476.243123412132,
    "25": 4516.669102013111,
    "26": 5159.306470304728,
    "27": 5089.946556836367,
    "28": 4615.532420575619,
    "29": 4779.774304479361,
    "30": 4464.907273650169,
    "31": 4872.488370165229,
    "32": 5197.193007916212,
    "33": 4938.994962722063,
    "34": 5588.745325803757,
    "35": 7140.8820152282715,
    "36": 4694.680757820606,
    "37": 5072.120600380003,
    "38": 4715.140499174595,
    "39": 4109.879285097122,
    "40": 4700.010847300291,
    "41": 4668.7620133161545,
    "42": 5108.151203021407,
    "43": 4963.886470068246,
    "44": 5000.033648011595
}