{
    "0": 4999.930387457425,
    "1": 5062.816850841045,
    "2": 5217.0309238135815,
    "3": 4902.910012751818,
    "4": 5117.176445201039,
    "5": 4687.998127192259,
    "6": 5534.756891429424,
    "7": 4709.447678178549,
    "8": 4937.069695442915,
    "9": 4776.422213762999,
    "10": 4548.36156219244,
    "11": 4807.9026490449905,
    "12": 5515.641048550606,
    "13": 5207.761283963919,
    "14": 5504.532530903816,
    "15": 5008.772388100624,
    "16": 5383.575558662415,
    "17": 4352.2995710372925,
    "18": 4373.739212751389,
    "19": 6141.396760940552,
    "20": 4740.469064563513,
    "21": 6002.189144492149,
    "22": 3329.949378967285,
    "23": 5272.906254976988,
    "24": 5063.16177546978,
    "25": 4088.6595100164413,
    "26": 3778.219074010849,
    "27": 4301.460161805153,
    "28": 5100.149502977729,
    "29": 5191.524848341942,
    "30": 4051.71237885952,
    "31": 4778.672307729721,
    "32": 5122.875245288014,
    "33": 4987.475019879639,
    "34": 6204.176545143127,
    "35": 4095.9621220827103,
    "36": 4911.631252616644,
    "37": 4943.971261382103,
    "38": 6146.387606859207,
    "39": 8095.4355001449585,
    "40": 5797.592401504517,
    "41": 7095.058560371399,
    "42": 3894.950747489929,
    "43": 7043.450772762299,
    "44": 3312.5267922878265,
    "45": 4154.62464094162,
    "46": 6140.198037028313,
    "47": 8501.003086566925,
    "48": 5257.398784160614,
    "49": 4642.52769947052,
    "50": 5572.254694998264,
    "51": 8308.353424072266,
    "52": 5095.375180244446,
    "53": 5064.129158854485,
    "54": 5171.441361308098,
    "55": 8356.444835662842,
    "56": 4548.060707747936,
    "57": 3306.79714679718,
    "58": 5384.5348209142685,
    "59": 8954.082727432251,
    "60": 4043.5978025197983,
    "61": 4659.465737640858,
    "62": 4356.6422164440155,
    "63": 8658.783435821533,
    "64": 5258.344151079655,
    "65": 3375.7758140563965,
    "66": 6575.174033641815,
    "67": 8614.715933799744,
    "68": 4889.7139728069305,
    "69": 3998.0536699295044,
    "70": 4813.074134290218,
    "71": 8810.363411903381,
    "72": 5393.810942769051,
    "73": 3043.418526649475,
    "74": 4318.352118134499,
    "75": 6479.249000549316,
    "76": 4858.019575476646,
    "77": 5798.771530389786,
    "78": 4722.452834248543,
    "79": 7321.936935186386,
    "80": 5141.362100839615,
    "81": 6303.503215312958,
    "82": 3721.008598804474,
    "83": 3466.956466436386,
    "84": 4043.8948571681976,
    "85": 3331.311047077179,
    "86": 5036.998391151428,
    "87": 4317.617565393448,
    "88": 4988.740463741124,
    "89": 5369.477160274982,
    "90": 5047.877775505185,
    "91": 3378.8424730300903,
    "92": 5008.816570043564,
    "93": 4457.943961024284,
    "94": 3188.633620738983,
    "95": 9267.144203186035,
    "96": 3178.514540195465,
    "97": 4822.751395404339,
    "98": 5108.218044042587,
    "99": 6343.730390071869,
    "100": 4058.031290769577,
    "101": 5276.8658101558685,
    "102": 5260.289590805769,
    "103": 5966.748297214508,
    "104": 5535.926520824432,
    "105": 4847.060069441795,
    "106": 5090.676806867123,
    "107": 4911.900758743286,
    "108": 5234.051495790482,
    "109": 4208.86218547821,
    "110": 4706.768058240414,
    "111": 4434.840455651283,
    "112": 5583.0637365579605,
    "113": 4616.5856346488,
    "114": 4222.797751426697,
    "115": 4684.476219117641,
    "116": 4080.8916091918945,
    "117": 3496.3059425354004,
    "118": 5057.671517133713,
    "119": 4699.31785017252,
    "120": 4436.250403523445,
    "121": 3801.978826522827,
    "122": 5046.436786651611,
    "123": 5122.914370149374,
    "124": 4524.230509996414,
    "125": 3689.7286772727966,
    "126": 4695.73400914669,
    "127": 5260.849855840206,
    "128": 6662.31632232666,
    "129": 4260.195642709732,
    "130": 4433.124922215939,
    "131": 4131.435602903366,
    "132": 5978.230684995651,
    "133": 5962.433069944382,
    "134": 4845.031686127186,
    "135": 4792.551938444376,
    "136": 4055.160731077194,
    "137": 4459.064789116383,
    "138": 6488.387435674667,
    "139": 4017.643705010414,
    "140": 6724.916696548462,
    "141": 3103.2592058181763,
    "142": 5005.573108792305,
    "143": 7790.413796901703,
    "144": 4826.8672451376915,
    "145": 5677.578076720238,
    "146": 6359.525620937347,
    "147": 7894.589304924011,
    "148": 5035.633519291878,
    "149": 5991.005152463913,
    "150": 5615.551508963108,
    "151": 7508.43346118927,
    "152": 5292.240530252457,
    "153": 3480.9377789497375,
    "154": 5488.10999840498,
    "155": 4601.165950298309,
    "156": 5115.734301507473,
    "157": 4407.535120844841,
    "158": 5532.160103321075,
    "159": 5102.168079465628,
    "160": 5104.908682405949,
    "161": 4374.71978366375,
    "162": 4989.384859800339,
    "163": 7910.336554050446,
    "164": 3507.688492536545,
    "165": 6060.303598642349,
    "166": 4753.978904336691,
    "167": 7116.9304847717285,
    "168": 5884.71882045269,
    "169": 2803.3775091171265,
    "170": 4505.620077252388,
    "171": 8942.254185676575,
    "172": 5199.942663311958,
    "173": 6053.556799888611,
    "174": 4378.36617231369,
    "175": 8606.869578361511,
    "176": 4683.141857385635,
    "177": 3876.9321888685226,
    "178": 3308.066725730896,
    "179": 8677.672445774078,
    "180": 5882.523059844971,
    "181": 4664.009176194668,
    "182": 5412.456095218658,
    "183": 8762.82274723053,
    "184": 4878.522232174873,
    "185": 4968.373738229275,
    "186": 4892.388936132193,
    "187": 7871.560752391815,
    "188": 5099.8829677701,
    "189": 5050.177313387394,
    "190": 4988.028571242467,
    "191": 4999.105993483681,
    "192": 4999.9816182025825,
    "193": 4999.159379003686,
    "194": 5000.11881802493
}