{
    "0": 4999.999998382962,
    "1": 4176.415503025055,
    "2": 5150.923915207386,
    "3": 5128.45465913415,
    "4": 5018.687932752073,
    "5": 5016.66663447395,
    "6": 5004.031183198094,
    "7": 4953.258563764393,
    "8": 5392.324924468994,
    "9": 5541.432686150074,
    "10": 4314.27501142025,
    "11": 4936.237670481205,
    "12": 3850.2658158540726,
    "13": 5017.608720809221,
    "14": 5037.233489565551,
    "15": 6273.772269487381,
    "16": 5354.08690571785,
    "17": 5703.074708580971,
    "18": 4733.3089634776115,
    "19": 5121.198892593384,
    "20": 4871.308878064156,
    "21": 4936.677827499807,
    "22": 4904.886446893215,
    "23": 5055.98608404398,
    "24": 5147.572038695216,
    "25": 5667.251795530319,
    "26": 5250.439886003733,
    "27": 4137.1577978134155,
    "28": 5058.585973456502,
    "29": 5188.224576413631,
    "30": 5097.328498959541,
    "31": 4469.442144036293,
    "32": 3346.1402356624603,
    "33": 4479.456692934036,
    "34": 5294.353477656841,
    "35": 5194.992143660784,
    "36": 4705.940634012222,
    "37": 5012.771971523762,
    "38": 3644.074499607086,
    "39": 5071.239159442484,
    "40": 5444.276966154575,
    "41": 5367.378778755665,
    "42": 5111.243184655905,
    "43": 5292.16980561614,
    "44": 4291.849732398987,
    "45": 5410.981588065624,
    "46": 5010.59855800122,
    "47": 4022.7123349905014,
    "48": 4473.096802830696,
    "49": 3575.58012008667,
    "50": 4944.103807210922,
    "51": 5400.822758674622,
    "52": 5418.598875403404,
    "53": 4387.281015515327,
    "54": 5034.1280130669475,
    "55": 5585.247837007046,
    "56": 5083.147929981351,
    "57": 5311.093367636204,
    "58": 5475.868247449398
}